0.11561898379778168, 0.0000016103506122620826
0.12325157450578428, 0.0000011722259761683833
0.13428248015224753, 8.082213750225738e-7
0.14649008728639812, 6.725100951384772e-7
0.18554851522922, 6.901917583974805e-7
0.21412261391014864, 7.04567193150042e-7
0.249325617450465, 7.285797074115736e-7
0.28452214418300237, 6.727952248572212e-7
0.2965749885000031, 5.89737605448255e-7
0.3068487165669722, 4.851860920183219e-7
0.31999522963080773, 4.181198965256901e-7
0.3294101831335148, 3.4864014888032286e-7
0.3434381868053862, 3.0439475479779114e-7
0.35085124987476224, 2.509485509986232e-7
0.36685842793619083, 2.1581378260976823e-7
0.3756609029140856, 1.82373376145785e-7
0.39030138511076906, 1.5711422485595089e-7
0.40113291644356597, 1.282812024196423e-7
0.41372162624157394, 1.113929022544726e-7
0.4313125449924853, 9.251476097651834e-8
0.44506976664944053, 8.109919916419408e-8
0.46201030839478174, 6.753898693038151e-8
0.48432309029059506, 5.9047066727127976e-8
0.4989979729635894, 4.973807359859248e-8
0.5182344539455492, 4.332817091870967e-8
0.5406910772786784, 3.7827131899889534e-8
0.5565419164671677, 3.261862559594266e-8
0.5890352698100705, 2.8743709588289835e-8
0.617258837283468, 2.4801872560384595e-8
0.6477616110941529, 2.152462085853297e-8
0.6812384356363739, 1.8739085561362285e-8
0.7161889272520259, 1.631723061432341e-8
0.7542500233021807, 1.4203375525164153e-8
0.791587748820785, 1.2867698173435313e-8
0.8138334246056329, 1.1562733579123116e-8
0.848563025272693, 1.0962464029076464e-8
0.8708196422712853, 9.977094575842013e-9
0.9057473861739178, 9.503708879306585e-9
0.9352346008155321, 8.687576434677926e-9
0.9719138851233484, 8.289046745157364e-9
1.0143009869547905, 8.004179002534175e-9
1.0574225068525032, 7.725800251697768e-9
1.0993009971144894, 7.687745495837047e-9
1.1411874446228347, 7.721130383532275e-9
1.183092293263386, 7.922709789622772e-9
1.2249961472481428, 8.120136199650557e-9
1.2668820974285906, 8.150674590462426e-9
1.3087720262322182, 8.219340624559634e-9
1.3506773722006675, 8.438815431231313e-9
1.392588227031981, 8.719939716605074e-9
1.435238200382911, 9.157290055236215e-9
1.4764729825696097, 1.0020252920491205e-8
1.515505983636911, 1.1412679501102206e-8
1.5465333207109933, 1.349922592366027e-8
1.572924901277229, 1.538484031090322e-8
1.5935959714815702, 1.8315445851904103e-8
1.6110820624099642, 2.1973094102742606e-8
1.6243787344381422, 2.6671750165593428e-8
1.6324015372220957, 3.18202321263246e-8
1.6424173767731476, 3.751860979878586e-8
1.6513785955368292, 4.465888089497076e-8
1.6615011569565727, 5.526746494179165e-8
1.6646812547590433, 6.770093813239008e-8
1.6674560025139782, 8.129723336863189e-8
1.6707593405532493, 1.2821562715149225e-7
1.6736198948361791, 1.1005758029771832e-7
1.6748580755249056, 1.4573109656854196e-7
1.676354833565122, 9.07003679435567e-8
1.6768861786907754, 1.6844948301858997e-7
1.679406885139086, 1.9852660003351838e-7
1.7189586268327737, 2.101202417669655e-7
1.760850544947991, 2.1238209851199443e-7
1.806280515891774, 2.0693311448165767e-7
1.8439821331542585, 1.9741096197781953e-7
1.873062538987843, 1.8686351182785477e-7
1.9002822468438894, 1.764133893978214e-7
1.9237930916447004, 1.611532976263152e-7
1.962348724043468, 1.4965967124129388e-7
2.0030536192016477, 1.398845867777656e-7
2.045198622886737, 1.3325285947910645e-7
2.0889345617989195, 1.2563143607369003e-7
2.129994051386328, 1.2156198891319813e-7
2.1721993130811788, 1.138179819197938e-7
2.2101189516418565, 1.0310536982600658e-7
2.249538417202393, 9.631053250470948e-8
2.2867386159145786, 8.971353375155249e-8
2.326624719442531, 8.510422464196377e-8
2.3697673840646845, 8.071019730317726e-8
2.4119407132578843, 7.666559627390372e-8
2.4535584169223412, 7.163249615492414e-8
2.493769630035361, 6.775852643804503e-8
2.535361286432483, 6.369339278061474e-8
2.5781441674760126, 5.996809662707545e-8
2.6202121085839396, 5.6392983370078275e-8
2.652987324148678, 5.0796832628279364e-8
2.6897844199753393, 4.820741659397959e-8
2.7342808825455824, 4.697421787030839e-8
2.776138982363772, 4.5645452346280325e-8
2.817996087526166, 4.4302902203412896e-8
2.859848716737484, 4.2776180875404326e-8
2.9037385922967855, 4.0683239373625295e-8
2.9444058213364963, 3.865223073183502e-8
2.9856558804160436, 3.659693831536622e-8
3.025621118376482, 3.5006390134759866e-8
3.0690491994789912, 3.3369025389412225e-8
3.1108884008370774, 3.1718954147368664e-8
3.1520906080464908, 3.006602914042631e-8
3.194570782176428, 2.8792721459972516e-8
3.2364144594855917, 2.751204567910584e-8
3.2782616180900375, 2.6395177525843863e-8
3.3201132526455606, 2.5456056247289626e-8
3.3619638925452877, 2.4521913758286686e-8
3.3860721386682666, 0.000009021928397703608
3.403818013740298, 2.3718058446971358e-8
3.4314181537556268, 0.000008120024173334507
3.4456880494280266, 2.3369888614585948e-8
3.457956179909927, 0.0000074356695431131526
3.48757101564109, 2.3376365865138876e-8
3.489506394783409, 0.000007023438595776492
3.522004230984721, 0.0000064161495718749255
3.529453981854153, 2.3382844910941045e-8
3.559156915396751, 0.000006016108590861705
3.5713369480672155, 2.3389325752489978e-8
3.5962706065386882, 0.000005628039618262511
3.613204994443355, 2.299262829144978e-8
3.6377519390305544, 0.000005262359333401133
3.6550620996057495, 2.2316355961768354e-8
3.6751094368854256, 0.000004895799797654202
3.696918707440247, 2.1647427504315703e-8
3.717589975722488, 0.000004576268207248207
3.7387753152747436, 2.0998550048108884e-8
3.7545582255020724, 0.00000426506504352487
3.7806339124208312, 2.0416388120117408e-8
3.7965787918743032, 0.0000039652575695386135
3.822492012239021, 1.9838867218458384e-8
3.835494318566358, 0.0000036707707871436827
3.8643486200735184, 1.924420100732667e-8
3.8734512125808527, 0.000003431402252729473
3.9059554311568494, 0.0000031580994597876984
3.906206719891708, 1.8699837907836628e-8
3.941869357427205, 0.0000029933247852769864
3.9480638250541027, 1.8149827583384054e-8
3.9743717524675777, 0.000002749066870041678
3.9899244115117796, 1.7687591555006617e-8
4.010283855202308, 0.000002600103484901003
4.031789971248431, 1.7337296526984083e-8
4.042785946320078, 0.00000238708734731507
4.073655530985083, 1.6993938939046384e-8
4.078301948512786, 0.0000022631943557272385
4.107791093956826, 0.0000020735014890828482
4.115527555984402, 1.6783330724102696e-8
4.143307739750344, 0.0000019673587178857166
4.157403062279004, 1.6642700098397924e-8
4.174868135618494, 0.0000018145409062822298
4.199303932296375, 1.6998220774282447e-8
4.213797617721414, 0.0000017286645229961384
4.242162821620234, 1.74859622658608e-8
4.255331028245367, 0.000001620694550187193
4.28431293580222, 1.8095638781852054e-8
4.295429078713852, 0.0000014875783408909518
4.325058513113775, 1.9241534678690084e-8
4.3333906618199505, 0.000001398192254582315
4.365893056860323, 0.0000012840985461807932
4.367017073167253, 2.1018927124034625e-8
4.401407896996017, 0.0000012158049128327027
4.407277954709939, 2.3384523865691244e-8
4.430886744827121, 0.0000011006159494493705
4.442718058489527, 2.7238816403591953e-8
4.46418258218167, 0.000001026346216153631
4.475094397160437, 3.1487173609811744e-8
4.484795633497057, 9.116884964538938e-7
4.502238511547556, 3.666318838134103e-8
4.511022699736154, 8.036258878153134e-7
4.517918608102551, 4.38621558792171e-8
4.526926535428718, 6.809711671776346e-7
4.533553602543113, 5.230398462576952e-8
4.5405402057562965, 6.107536810799836e-8
4.541446229431103, 5.728956709410081e-7
4.547859864725958, 8.333092303001347e-8
4.548526531983104, 7.357029807856289e-8
4.548676282938896, 4.917133202767226e-7
4.5542244729630355, 9.268000184191221e-8
4.556905070330382, 1.0938672802190604e-7
4.558189568823959, 4.2140597219270583e-7
4.559711491655787, 1.2894068389135104e-7
4.5608867603654835, 2.806694880707208e-7
4.561027719669222, 1.5791365759051746e-7
4.561130953238903, 3.4196386574409374e-7
4.563053037798866, 1.8193988424861386e-7
4.563169412526873, 2.0835960548095676e-7
4.56328976587806, 2.397244451686138e-7
